Model,R² Score,RMSE
Linear Regression,0.9783379216689705,12428.453448733435
Ridge,0.9783285447922422,12431.143113713088
Random Forest,0.999161538279979,2445.167692214319
Gradient Boosting,0.9993028571813963,2229.6048890053466
XGBoost,0.999333304602107,2180.372810330412
Ensemble,0.9962123755025625,5196.973321882796
